week_start_date,category_name,total_revenue,total_profit,total_units,unique_products_sold,avg_margin,products_declining,products_growing,products_plateau,promo_penetration_pct,seasonal_event_flag
2022-10-11,Accessories,1642.99,454.91999999999996,35,20,27.688543448208634,0,0,21,47.619047616780044,False
2022-10-11,Grooming,1035.43,258.5,26,14,24.96547328160767,0,0,14,57.142857138775504,False
2022-10-11,Toys,708.81,140.64,29,19,19.841706522171183,0,0,19,52.63157894459833,False
2022-10-11,Treats,538.16,137.75,42,24,25.596476884150448,0,0,25,51.99999999792,False
2022-10-11,Wellness,1001.4,234.85999999999999,25,14,23.45316556818109,0,0,14,85.71428570816326,False
2022-10-18,Accessories,12083.59,2995.35,248,80,24.78857690470921,0,0,160,56.24999999964844,False
2022-10-18,Grooming,8096.96,2003.74,177,61,24.746818559061083,0,0,107,53.27102803688531,False
2022-10-18,Toys,6230.36,1520.52,242,86,24.405010304376567,0,0,155,54.83870967706556,False
2022-10-18,Treats,2620.07,607.21,208,65,23.17533501012447,0,0,129,58.91472868171385,False
2022-10-18,Wellness,8418.15,2094.7,198,68,24.883139407111432,0,0,129,58.13953488327024,False
2022-10-25,Accessories,11574.83,2681.62,252,77,23.167683672241996,0,0,151,62.913907284351566,True
2022-10-25,Grooming,8513.64,2129.83,173,63,25.0166791172724,0,0,115,64.34782608639698,True
2022-10-25,Toys,6563.9,1639.68,238,90,24.980270875542747,0,0,153,49.01960784281687,True
2022-10-25,Treats,3166.62,791.25,239,66,24.987210337828667,0,0,141,60.992907800985876,True
2022-10-25,Wellness,9061.01,2125.11,207,65,23.45334570869876,0,0,125,60.7999999995136,True
2022-11-01,Accessories,14639.64,3533.68,284,83,24.137752021222916,0,0,159,55.97484276694355,False
2022-11-01,Grooming,14375.81,3545.28,287,75,24.661427773459398,0,0,175,60.57142857108245,False
2022-11-01,Toys,9513.13,2322.88,347,94,24.417620698968225,0,0,203,56.157635467703656,False
2022-11-01,Treats,3488.61,845.5600000000001,260,74,24.23773365322457,0,0,165,63.636363635977965,False
2022-11-01,Wellness,10368.03,2614.17,247,77,25.21375806204021,0,0,157,55.41401273850055,False
2022-11-08,Accessories,15511.15,3760.1,336,87,24.24127160139485,0,0,208,62.980769230466436,True
2022-11-08,Grooming,13755.869999999999,3429.47,283,77,24.930956747917442,0,0,170,52.941176470276815,True
2022-11-08,Toys,9842.92,2376.99,367,97,24.149236202262724,0,0,216,58.33333333306327,True
2022-11-08,Treats,3887.9700000000003,954.1,294,73,24.539798403787955,0,0,176,64.20454545418066,True
2022-11-08,Wellness,12496.85,2973.47,267,77,23.79375602651678,0,0,153,54.9019607839549,True
2022-11-15,Accessories,14447.93,3594.3,313,88,24.877612225417423,0,0,178,62.35955056144742,False
2022-11-15,Grooming,13152.81,3253.75,269,76,24.738059775817884,0,0,168,59.52380952345522,False
2022-11-15,Toys,10339.34,2428.86,387,94,23.49144142662651,0,0,226,59.73451327407198,False
2022-11-15,Treats,2836.78,660.39,218,78,23.27956344869067,0,0,145,63.4482758616314,False
2022-11-15,Wellness,10419.75,2635.92,224,70,25.297343986177662,0,0,142,56.338028168617335,False
2022-11-22,Accessories,48383.17,9790.68,1034,98,20.235714195658943,0,0,565,60.70796460166247,True
2022-11-22,Grooming,41830.36,8947.1,899,84,21.38901027865834,0,0,479,61.58663883076913,True
2022-11-22,Toys,26733.86,5525.98,1048,106,20.670340908495042,0,0,586,59.89761092139949,True
2022-11-22,Treats,11512.02,2314.27,941,86,20.10307487304399,0,0,498,61.44578313240674,True
2022-11-22,Wellness,38966.49,8393.56,913,83,21.540456941335453,0,0,466,60.72961373377525,True
2022-11-29,Accessories,50637.38,10155.65,1098,98,20.055638739602642,0,0,614,59.77198697058669,False
2022-11-29,Grooming,45783.74,9141.61,972,84,19.966935859761133,0,0,519,61.46435452781992,False
2022-11-29,Toys,29265.43,5673.72,1169,106,19.387106220546926,0,0,642,62.149532710183564,False
2022-11-29,Treats,11454.92,2187.51,951,86,19.096685092517532,0,0,535,60.56074766343821,False
2022-11-29,Wellness,41186.12,8365.88,983,83,20.3123770823758,0,0,529,61.05860113410008,False
2022-12-06,Accessories,37951.45,7461.76,847,97,19.661330462998926,1,5,489,62.222222222096526,False
2022-12-06,Grooming,32127.64,6056.26,742,84,18.85062208117313,1,0,421,61.84834123208093,False
2022-12-06,Toys,22587.05,4604.85,916,106,20.38712448061963,0,4,513,60.92843326874095,False
2022-12-06,Treats,8860.21,1730.59,715,86,19.532155558387494,2,0,420,62.32227488136891,False
2022-12-06,Wellness,30303.59,5995.99,744,83,19.786401545162807,2,1,426,62.470862470716845,False
2022-12-13,Accessories,37620.590000000004,7612.87,825,98,20.23591336552616,8,15,453,58.19327731080212,False
2022-12-13,Grooming,30061.91,6091.91,654,84,20.264547395690418,1,9,382,57.39795918352705,False
2022-12-13,Toys,18973.03,3751.28,766,106,19.771644276110894,8,12,437,60.39387308520702,False
2022-12-13,Treats,8218.19,1711.47,673,86,20.825388558792042,9,5,392,61.822660098369894,False
2022-12-13,Wellness,29044.79,5599.12,699,83,19.27753652203995,5,15,391,60.82725060812451,False
2022-12-20,Accessories,48826.8,10046.11,1066,98,20.574991602971718,23,62,498,56.60377358480857,True
2022-12-20,Grooming,37653.78,7120.56,818,84,18.91061136491426,8,52,418,61.297071129578875,True
2022-12-20,Toys,26847.15,5351.15,1019,106,19.931910835972534,23,48,493,59.39716312046206,True
2022-12-20,Treats,11044.4,2224.36,875,86,20.140161529823246,18,43,449,62.35294117634833,True
2022-12-20,Wellness,35614.24,7158.5,847,83,20.100106025005164,15,49,404,63.46153846140287,True
2022-12-27,Accessories,34812.63,7106.32,771,95,20.41305124031076,46,74,316,63.5321100915974,True
2022-12-27,Grooming,32558.09,6887.31,682,84,21.153912898452546,24,61,307,58.67346938760542,True
2022-12-27,Toys,21943.14,4144.32,875,105,18.886631539514447,23,77,399,61.72344689366388,True
2022-12-27,Treats,7463.14,1607.2,605,85,21.53517152297538,35,45,275,55.77464788716683,True
2022-12-27,Wellness,26900.43,5736.78,645,83,21.3259788040555,31,68,288,61.75710594299287,True
2023-01-03,Accessories,14276.039999999999,3418.6,288,87,23.946416513261106,33,33,110,56.2499999996804,False
2023-01-03,Grooming,9213.57,2183.23,205,69,23.69580955047569,14,36,77,55.11811023578647,False
2023-01-03,Toys,8663.55,2060.34,315,94,23.781706113541937,16,43,144,59.605911329755635,False
2023-01-03,Treats,2955.35,672.48,252,72,22.75466526806546,22,27,97,64.38356164339464,False
2023-01-03,Wellness,10203.02,2377.91,234,71,23.305942750281453,9,24,106,60.43165467582424,False
2023-01-10,Accessories,11312.99,2630.88,231,74,23.25539048474159,32,22,96,57.99999999961334,True
2023-01-10,Grooming,9552.289999999999,2282.42,203,67,23.89395631832536,18,35,70,60.97560975560182,True
2023-01-10,Toys,8087.43,1855.82,324,88,22.946968319970253,27,36,134,59.39086294386097,True
2023-01-10,Treats,2798.41,647.47,219,73,23.13706712024931,25,25,95,66.89655172367658,True
2023-01-10,Wellness,9761.09,2434.37,220,73,24.93953031884503,26,20,94,55.714285713887755,True
2023-01-17,Accessories,10947.51,2504.81,231,83,22.88018005920772,26,24,97,62.585034013179694,False
2023-01-17,Grooming,12079.53,3040.08,251,76,25.167204353147415,30,31,91,58.552631578562156,False
2023-01-17,Toys,7046.56,1788.79,268,87,25.385294384774216,22,31,106,55.345911949337456,False
2023-01-17,Treats,3166.37,791.6,243,75,25.00023686428781,25,22,101,63.513513513084376,False
2023-01-17,Wellness,9705.25,2335.7,208,68,24.06635583833244,28,18,94,64.2857142852551,False
2023-01-24,Accessories,13229.03,3100.42,278,82,23.43648778481692,43,33,87,59.50920245362264,False
2023-01-24,Grooming,9895.04,2472.43,203,70,24.986558922447504,47,24,68,58.99280575497128,False
2023-01-24,Toys,7876.16,1882.77,297,91,23.90466928045851,27,33,127,59.358288769736056,False
2023-01-24,Treats,3659.6,900.46,261,71,24.605421357518694,41,32,86,55.97484276694355,False
2023-01-24,Wellness,11726.18,2791.52,258,74,23.805877105756196,36,20,98,56.493506493139655,False
2023-01-31,Accessories,14667.73,3718.9900000000002,294,81,25.35491176889503,48,38,91,55.367231638105274,False
2023-01-31,Grooming,11681.98,2798.1,260,76,23.952275213617558,56,22,84,62.96296296257431,False
2023-01-31,Toys,8685.58,2055.31,313,95,23.663474402397576,37,32,122,64.92146596824648,False
2023-01-31,Treats,3388.13,878.8100000000001,251,78,25.937906750913946,36,14,102,53.289473683859946,False
2023-01-31,Wellness,9545.51,2265.65,227,70,23.735243061918773,38,22,86,58.904109588637645,False
2023-02-07,Accessories,16302.45,3642.39,347,87,22.34259267778632,70,34,124,54.82456140326831,False
2023-02-07,Grooming,16556.53,3277.32,348,79,19.79472751838581,60,33,114,60.38647342965997,False
2023-02-07,Toys,9161.72,2168.53,363,97,23.669463812469314,45,49,145,59.414225941174,False
2023-02-07,Treats,3948.99,801.21,337,76,20.28898528483985,49,23,132,66.66666666633986,False
2023-02-07,Wellness,15961.14,3566.29,359,74,22.343579468633045,66,30,109,52.195121950964904,False
2023-02-14,Accessories,15687.2,3588.09,345,95,22.872724259267244,73,36,110,57.077625570515636,True
2023-02-14,Grooming,14132.12,2980.65,310,78,21.091315386508104,52,36,102,56.84210526285873,True
2023-02-14,Toys,10369.11,2304.26,395,100,22.22235080927657,62,33,148,56.37860082281326,True
2023-02-14,Treats,4234.83,919.59,344,79,21.71492126011629,53,23,135,61.61137440729094,True
2023-02-14,Wellness,12536.62,2634.89,294,72,21.017546994323745,65,30,93,62.23404255286046,True
2023-02-21,Accessories,13015.26,3259.87,270,87,25.046522313036768,54,33,81,60.71428571392432,False
2023-02-21,Grooming,11315.33,2772.41,225,69,24.501362311127956,52,20,69,58.156028368381875,False
2023-02-21,Toys,6570.59,1613.23,262,89,24.55228525900649,46,14,104,56.70731707282496,False
2023-02-21,Treats,3075.44,773.48,236,77,25.15022240719209,49,17,77,58.74125874084797,False
2023-02-21,Wellness,8979.29,2213.06,209,72,24.646269359824142,53,13,67,64.66165413485217,False
2023-02-28,Accessories,17104.3,3948.75,349,89,23.08629993627199,75,31,104,59.52380952352608,False
2023-02-28,Grooming,15509.02,3936.83,317,73,25.384131299074642,70,24,90,54.89130434752777,False
2023-02-28,Toys,8839.61,2120.47,328,96,23.988275500839514,46,27,124,59.89847715705635,False
2023-02-28,Treats,3723.69,898.8,281,78,24.137347630972464,50,20,109,57.54189944101932,False
2023-02-28,Wellness,11344.44,2858.84,253,68,25.200362468308246,55,18,70,62.23776223732701,False
2023-03-07,Accessories,16586.63,4056.06,340,87,24.453791999940645,73,31,110,60.747663551118,False
2023-03-07,Grooming,15749.92,3862.5299999999997,325,82,24.52412456698037,77,26,96,55.77889447208152,False
2023-03-07,Toys,10385.37,2430.81,401,96,23.406099156792347,79,22,140,55.60165975080663,False
2023-03-07,Treats,4202.9,1045.39,336,83,24.87306383686862,65,26,114,53.170731707057705,False
2023-03-07,Wellness,13959.61,3429.49,293,75,24.5672336118255,74,24,73,56.14035087686467,False
2023-03-14,Accessories,17717.43,4455.3099999999995,346,94,25.14648004817712,77,30,106,59.62441314525998,False
2023-03-14,Grooming,10619.19,2670.13,225,65,25.14438483537585,60,22,58,48.57142857108164,False
2023-03-14,Toys,9944.25,2413.14,357,97,24.26668677878932,75,35,112,58.10810810784637,False
2023-03-14,Treats,3470.91,875.05,263,79,25.21096772891685,46,22,85,54.248366012717334,False
2023-03-14,Wellness,12163.81,2958.42,278,73,24.32149137482217,62,25,76,57.66871165608792,False
2023-03-21,Accessories,18032.94,3586.76,416,93,19.890045660883924,97,35,115,56.68016194309037,True
2023-03-21,Grooming,18701.83,3838.41,387,81,20.5242481618098,69,36,105,63.80952380921996,True
2023-03-21,Toys,10626.23,2263.64,424,100,21.302380994951047,84,30,123,55.69620253141056,True
2023-03-21,Treats,3409.55,714.09,274,73,20.943819565625684,56,23,85,60.3658536581685,True
2023-03-21,Wellness,15858.76,3132.19,374,78,19.750535350808025,77,29,91,60.91370558344714,True
2023-03-28,Accessories,18405.27,3881.84,395,90,21.09091580835157,87,28,119,57.69230769206115,False
2023-03-28,Grooming,14855.8,3344.79,294,73,22.515044629032264,58,27,88,59.53757225399111,False
2023-03-28,Toys,9586.54,2214.07,372,92,23.095611138114158,83,30,100,55.86854460067667,False
2023-03-28,Treats,3791.87,884.14,314,79,23.316727630424218,60,23,91,59.19540229851038,False
2023-03-28,Wellness,12868.75,2886.21,298,74,22.428052452645172,40,29,103,60.465116278718234,False
2023-04-04,Accessories,16900.52,4022.7,352,86,23.802226203689365,75,22,111,58.17307692279725,True
2023-04-04,Grooming,14448.08,3639.26,298,74,25.188537162029473,66,32,71,55.029585798490956,True
2023-04-04,Toys,9807.28,2350.28,375,103,23.964646670634064,97,34,94,55.55555555530864,True
2023-04-04,Treats,3785.16,868.84,295,75,22.95385135634347,60,35,85,61.11111111077161,True
2023-04-04,Wellness,10902.89,2542.63,260,79,23.320697539824458,62,22,80,60.3658536581685,True
2023-04-11,Accessories,13605.86,3099.58,289,86,22.781213388935146,73,24,84,60.773480662647664,True
2023-04-11,Grooming,12085.7,3240.19,254,70,26.810114432757153,54,23,81,57.594936708496235,True
2023-04-11,Toys,8465.25,2030.28,330,94,23.98369805971188,84,30,86,59.4999999997025,True
2023-04-11,Treats,3659.46,900.58,271,81,24.609641859721215,65,30,82,58.19209039515146,True
2023-04-11,Wellness,13001.14,3135.64,302,78,24.118192712329524,66,19,102,59.89304812802197,True
2023-04-18,Accessories,16115.51,3908.29,327,88,24.251730165534678,78,26,93,56.345177664688606,False
2023-04-18,Grooming,14006.25,3440.11,296,74,24.561249442211544,80,25,80,60.54054054021329,False
2023-04-18,Toys,9131.6,2063.88,339,95,22.60151561609985,91,23,100,64.48598130810988,False
2023-04-18,Treats,3756.9900000000002,895.54,277,74,23.836635178687235,36,20,105,60.24844720459473,False
2023-04-18,Wellness,11872.73,2825.23,280,73,23.795959311799074,65,25,88,62.35955056144742,False
2023-04-25,Accessories,15387.21,3786.72,317,91,24.609529602830882,84,24,88,58.67346938745575,False
2023-04-25,Grooming,14903.7,3540.22,303,76,23.75396713567612,93,31,70,62.88659793782018,False
2023-04-25,Toys,9157.24,2237.92,344,96,24.438804705345234,101,31,83,61.395348836923745,False
2023-04-25,Treats,4179.87,1066.33,301,78,25.511080488143044,62,29,90,59.11602209912091,False
2023-04-25,Wellness,12874.869999999999,3070.4900000000002,286,75,23.848706821892275,77,22,83,63.186813186466004,False
2023-05-02,Accessories,19219.48,4321.96,392,95,22.487392999185072,113,20,123,59.37499999976807,False
2023-05-02,Grooming,15845.15,3531.33,333,76,22.286504072222584,65,33,101,61.30653266300852,False
2023-05-02,Toys,9734.6,2240.99,373,101,23.020873995847484,120,33,88,62.655601659491055,False
2023-05-02,Treats,4616.94,1095.6299999999999,367,80,23.73065277001136,65,29,124,60.0917431189904,False
2023-05-02,Wellness,16209.34,3896.23,353,77,24.036944132208713,96,31,87,62.61682242961394,False
2023-05-09,Accessories,24520.65,4927.63,535,94,20.095837589948875,150,29,152,60.12084592126852,False
2023-05-09,Grooming,22367.08,4384.95,508,82,19.60448122866196,111,56,131,63.422818791733484,False
2023-05-09,Toys,16654.97,3634.3,633,105,21.821114057844486,165,54,164,57.4412532635576,False
2023-05-09,Treats,6327.43,1332.96,511,83,21.066372919175546,76,65,165,60.130718954051865,False
2023-05-09,Wellness,21612.89,4522.33,510,83,20.9242262372121,127,37,145,61.488673138959584,False
2023-05-16,Accessories,18589.51,4637.38,368,88,24.94621966904857,95,28,93,52.777777777533444,False
2023-05-16,Grooming,14881.58,3766.2,278,72,25.307796618368123,48,45,75,52.97619047587514,False
2023-05-16,Toys,9180.15,2214.81,346,89,24.126076371298495,88,36,82,64.5631067958031,False
2023-05-16,Treats,3393.63,792.24,262,75,23.344913853300643,55,25,88,56.54761904728246,False
2023-05-16,Wellness,11816.09,2948.7599999999998,278,72,24.95546327084298,45,39,82,49.999999999698794,False
2023-05-23,Accessories,19679.19,4770.99,395,93,24.24383320654843,98,30,107,59.574468084852874,True
2023-05-23,Grooming,15404.44,3856.42,325,75,25.03447058120743,79,41,73,56.47668393753121,True
2023-05-23,Toys,10537.76,2580.06,403,99,24.483951048417833,85,42,110,62.44725738370276,True
2023-05-23,Treats,3824.34,914.27,319,82,23.9066087220216,50,31,109,60.52631578915513,True
2023-05-23,Wellness,13202.95,3272.39,309,76,24.785294195613496,62,41,76,59.77653631251522,True
2023-05-30,Accessories,36273.79,7641.69,770,96,21.06669857216406,145,73,170,54.12371134006669,False
2023-05-30,Grooming,27752.829999999998,5301.75,590,83,19.10345719697706,104,87,121,60.25641025621713,False
2023-05-30,Toys,18185.97,2974.9,765,106,16.3582146016948,133,79,179,64.70588235277569,False
2023-05-30,Treats,6578.97,1223.24,544,85,18.593184039444075,74,59,142,61.81818181795703,False
2023-05-30,Wellness,24588.69,4724.24,603,79,19.213060964206747,106,72,147,63.076923076728995,False
2023-06-06,Accessories,39965.65,6843.25,870,97,17.12282922960049,103,128,202,61.8937644340372,False
2023-06-06,Grooming,30972.43,5191.1,707,84,16.760389804738708,96,95,178,61.51761517598505,False
2023-06-06,Toys,21849.91,3541.23,891,104,16.207069045134915,120,127,205,59.29203539809891,False
2023-06-06,Treats,8822.6,1551.28,748,86,17.583025412008073,86,103,181,60.81081081064645,False
2023-06-06,Wellness,28354.23,5112.37,707,83,18.030360902058774,104,81,171,58.98876404477812,False
2023-06-13,Accessories,39615.91,7058.03,888,98,17.816150127561937,70,172,206,61.16071428557777,True
2023-06-13,Grooming,28792.35,5144.6900000000005,656,82,17.868253199199863,74,108,154,61.90476190457767,True
2023-06-13,Toys,19717.49,3206.19,815,106,16.260639665595555,70,149,184,62.77915632738764,True
2023-06-13,Treats,8547.39,1502.43,706,85,17.57764650963422,53,141,153,60.80691642633773,True
2023-06-13,Wellness,26649.44,4698.0,650,82,17.62888826181647,97,112,125,60.1796407183827,True
2023-06-20,Accessories,41254.5,7463.81,926,97,18.092111163630197,31,223,210,58.836206896424926,True
2023-06-20,Grooming,37283.85,6629.87,859,84,17.782149643880185,41,181,185,61.916461916309785,True
2023-06-20,Toys,25785.05,4543.85,1070,106,17.62203292217709,48,280,191,60.8863198457401,True
2023-06-20,Treats,10042.69,1793.79,842,85,17.861648622030764,45,191,166,59.95024875606978,True
2023-06-20,Wellness,30652.1,5071.56,768,83,16.545554790698958,60,153,172,64.67532467515669,True
2023-06-27,Accessories,34792.74,6503.18,800,97,18.691198221237578,20,231,139,57.69230769215976,True
2023-06-27,Grooming,26270.01,5255.88,593,84,20.00714883625777,25,170,129,64.81481481461478,True
2023-06-27,Toys,16889.41,3220.69,689,105,19.069286612142218,42,209,125,57.97872340410112,True
2023-06-27,Treats,8025.19,1500.98,662,84,18.70335780211824,26,188,122,60.71428571410502,True
2023-06-27,Wellness,24914.68,4546.12,623,82,18.24675251698925,25,160,136,59.19003115246358,True
2023-07-04,Accessories,37805.0,6938.21,844,98,18.352625314111407,14,291,112,58.27338129482429,True
2023-07-04,Grooming,32534.4,5879.74,730,84,18.072378774465854,30,218,113,63.43490304691569,True
2023-07-04,Toys,24404.54,4282.72,969,106,17.54886590773612,25,318,146,57.668711656323794,True
2023-07-04,Treats,9518.76,1804.52,770,84,18.957511272474676,5,249,127,61.15485564288411,True
2023-07-04,Wellness,31532.78,5459.46,787,83,17.313601908870158,24,217,152,62.84987277337697,True
2023-07-11,Accessories,42514.0,7640.82,970,96,17.972479653760693,9,372,81,61.255411255278666,False
2023-07-11,Grooming,35907.08,5960.68,809,84,16.600291641647928,16,300,89,61.48148148132968,False
2023-07-11,Toys,26512.7,4429.94,1064,106,16.708747128733897,16,379,134,62.94896030233848,False
2023-07-11,Treats,9859.49,1608.2,842,85,16.31118850974885,6,318,82,60.34482758605827,False
2023-07-11,Wellness,35645.33,6295.34,883,83,17.66105125131349,5,320,111,62.614678898938955,False
2023-07-18,Accessories,45074.77,8279.26,1022,98,18.367836374982762,14,400,77,61.30346232166741,False
2023-07-18,Grooming,39440.34,7061.8,881,84,17.905018060188684,15,356,70,63.038548752691526,False
2023-07-18,Toys,26358.82,4775.9,1063,106,18.11879287464241,27,380,107,63.229571984312784,False
2023-07-18,Treats,11016.94,2056.64,959,86,18.66797858570359,2,366,77,61.348314606603715,False
2023-07-18,Wellness,34352.31,5937.47,865,83,17.284048729182487,9,329,67,59.01234567886664,False
2023-07-25,Accessories,34808.1,6251.71,745,97,17.960503446036473,12,308,61,63.254593175687,False
2023-07-25,Grooming,28952.07,4388.55,647,84,15.157983522421189,9,242,74,63.99999999980308,False
2023-07-25,Toys,19050.86,3002.64,796,104,15.761178235522397,25,277,98,64.49999999983875,False
2023-07-25,Treats,9540.9,1636.11,762,84,17.14838222808989,6,311,61,62.69841269824683,False
2023-07-25,Wellness,25747.59,5073.05,648,82,19.70300909716134,8,271,57,61.90476190457767,False
2023-08-01,Accessories,41590.29,7789.5,899,98,18.729131246740078,13,346,100,56.86274509791534,False
2023-08-01,Grooming,35718.17,6111.04,842,84,17.10905121958888,10,289,105,61.88118811865871,False
2023-08-01,Toys,25847.829999999998,4605.27,1007,105,17.816853484411737,15,376,113,58.92857142845451,False
2023-08-01,Treats,10261.97,1815.35,880,86,17.69007315359354,13,331,92,61.00917431178667,False
2023-08-01,Wellness,34047.77,5383.15,848,83,15.810580252391985,13,332,84,62.70396270381654,False
2023-08-08,Accessories,35679.35,7084.49,778,98,19.855995134439954,12,290,95,56.42317380338433,False
2023-08-08,Grooming,32879.1,6073.72,724,83,18.472890073024555,11,254,112,61.53846153829831,False
2023-08-08,Toys,21015.65,3024.88,880,104,14.393463918555247,23,316,104,64.55981941294682,False
2023-08-08,Treats,7756.45,1282.6200000000001,669,85,16.53617312043312,20,250,86,63.2022471908337,False
2023-08-08,Wellness,26147.29,4727.42,661,83,18.079961632734477,11,238,99,62.06896551706302,False
2023-08-15,Accessories,27577.81,5316.38,617,95,19.277745404728684,21,217,83,57.32087227396473,False
2023-08-15,Grooming,21035.69,3515.86,470,80,16.713785000633845,11,145,88,60.245901639097355,False
2023-08-15,Toys,14809.58,2525.9,625,101,17.05585168519181,18,195,109,60.55900621099205,False
2023-08-15,Treats,5846.84,1046.91,513,80,17.905569504207758,13,167,73,64.03162055310659,False
2023-08-15,Wellness,20417.53,3769.71,521,80,18.46310498870243,10,183,77,62.962962962729776,False
2023-08-22,Accessories,26797.43,5012.06,575,95,18.703510000771765,14,187,101,58.940397350798214,True
2023-08-22,Grooming,24573.64,4096.94,544,80,16.672092534926993,16,181,78,61.45454545432199,True
2023-08-22,Toys,12345.34,2111.35,527,99,17.102404632029806,17,175,86,58.99280575518348,True
2023-08-22,Treats,6979.04,1220.66,566,83,17.49037116852497,17,193,83,60.40955631378701,True
2023-08-22,Wellness,19318.78,3340.97,497,78,17.29389744072776,7,152,84,58.847736625272226,True
2023-08-29,Accessories,19205.53,4290.25,430,92,22.338618095932667,7,137,102,58.9430894306547,True
2023-08-29,Grooming,18568.78,3579.58,405,79,19.27741079381525,11,133,72,61.11111111082819,True
2023-08-29,Toys,11933.75,2535.87,476,95,21.249565308472086,22,131,103,62.109374999757385,True
2023-08-29,Treats,4748.04,901.03,372,77,18.976883092809036,18,119,64,62.18905472605877,True
2023-08-29,Wellness,13682.21,2959.52,328,79,21.630423740022874,7,105,80,58.85416666636014,True
2023-09-05,Accessories,13956.23,3464.98,281,83,24.82747848093469,14,71,83,56.54761904728246,False
2023-09-05,Grooming,10940.72,2506.42,232,73,22.909095562264376,16,58,71,54.48275862031392,False
2023-09-05,Toys,7645.22,1890.57,276,84,24.72878478316847,14,86,67,62.8742514966295,False
2023-09-05,Treats,2974.02,703.14,235,68,23.642746181927613,28,72,56,60.256410256024004,False
2023-09-05,Wellness,9888.19,2558.05,219,69,25.86974967106964,20,55,68,53.8461538457773,False
2023-09-12,Accessories,14039.48,3342.8,282,83,23.80999866091737,22,58,87,57.48502993977554,False
2023-09-12,Grooming,10954.68,2812.01,208,67,25.66948555320414,15,67,49,61.068702289610165,False
2023-09-12,Toys,8557.1,2154.3,308,96,25.17558518656727,24,88,97,55.50239234423204,False
2023-09-12,Treats,3133.14,710.0,235,72,22.660972698308196,26,65,59,65.33333333289778,False
2023-09-12,Wellness,10422.18,2673.48,239,70,25.651830998886442,22,66,51,53.95683453198593,False
2023-09-19,Accessories,13333.51,3059.12,276,82,22.943096003976223,35,70,64,60.946745561769546,False
2023-09-19,Grooming,11833.380000000001,2896.62,246,71,24.478382338771805,24,60,70,53.896103895753924,False
2023-09-19,Toys,10098.04,2529.41,362,92,25.0485242680733,34,70,108,60.37735849028124,False
2023-09-19,Treats,3798.25,889.9,291,77,23.429210820766556,36,65,71,59.8837209298844,False
2023-09-19,Wellness,11830.03,2802.6,262,74,23.69055699774018,22,60,81,60.736196318645796,False
2023-09-26,Accessories,14322.6,3473.3,304,84,24.250485247090314,62,61,73,60.71428571397595,False
2023-09-26,Grooming,12542.99,2891.48,274,74,23.052557643749772,32,52,85,64.49704141973672,False
2023-09-26,Toys,9023.48,2226.98,326,92,24.679835274193028,42,63,89,58.762886597635244,False
2023-09-26,Treats,3399.8,848.63,245,75,24.961174186709524,42,39,66,59.183673468985155,False
2023-09-26,Wellness,12174.23,2905.81,256,76,23.868532137143468,46,40,76,59.25925925889346,False
2023-10-03,Accessories,14424.25,3493.23,303,79,24.217758288990815,85,33,74,59.89583333302137,True
2023-10-03,Grooming,12753.67,2781.8,267,76,21.811760850012444,34,51,68,66.66666666623094,True
2023-10-03,Toys,8233.28,1980.6,318,92,24.05602627385148,66,55,69,59.99999999968422,True
2023-10-03,Treats,3252.5099999999998,766.01,258,73,23.55134957309169,47,34,69,65.33333333289778,True
2023-10-03,Wellness,11132.97,2776.95,263,74,24.943478694362334,58,30,82,57.05882352907613,True
2023-10-10,Accessories,13134.39,3201.06,290,83,24.371592437865452,77,24,71,64.53488372055503,False
2023-10-10,Grooming,11583.83,2726.18,244,74,23.53435780738982,46,39,76,62.11180124185024,False
2023-10-10,Toys,8443.65,2017.44,333,94,23.89298466894958,74,50,78,62.87128712840163,False
2023-10-10,Treats,2983.01,735.25,240,72,24.647922735751923,53,27,59,63.30935251753015,False
2023-10-10,Wellness,12564.87,3123.62,272,72,24.859946819981037,53,24,82,56.603773584549664,False
2023-10-17,Accessories,17308.57,4093.7,343,92,23.651289505717475,90,28,91,59.33014354038598,False
2023-10-17,Grooming,12323.1,2968.07,251,71,24.085416818817983,66,23,70,57.232704402155775,False
2023-10-17,Toys,9055.85,2240.95,355,88,24.74588249584249,95,52,69,57.40740740714163,False
2023-10-17,Treats,3693.7,905.26,289,77,24.50821669328194,80,30,78,60.63829787201789,False
2023-10-17,Wellness,10822.45,2626.2,258,73,24.266224376178748,55,25,79,61.006289307792414,False
2023-10-24,Accessories,15901.99,4037.39,324,87,25.389212293554113,99,29,72,57.4999999997125,True
2023-10-24,Grooming,12907.54,3165.43,264,75,24.52388293973719,72,21,67,53.12499999966798,True
2023-10-24,Toys,8381.5,2020.55,324,92,24.10726003698334,97,39,63,60.301507537385426,True
2023-10-24,Treats,3197.55,797.19,265,73,24.931275507802873,71,23,73,54.49101796374557,True
2023-10-24,Wellness,12062.76,3003.01,277,72,24.89488309474574,82,18,72,55.23255813921377,True
2023-10-31,Accessories,13356.22,3230.61,285,83,24.188056201528262,95,19,61,57.714285713955924,False
2023-10-31,Grooming,10711.57,2541.28,218,60,23.72462673538765,68,22,39,65.11627906926267,False
2023-10-31,Toys,8044.08,1841.79,327,89,22.89621684518019,96,37,63,61.73469387723605,False
2023-10-31,Treats,3360.21,803.6,265,72,23.915171968411524,86,16,50,60.52631578907549,False
2023-10-31,Wellness,10727.38,2590.82,242,69,24.151470349701036,72,11,47,54.615384614964505,False
2023-11-07,Accessories,21615.77,5256.58,442,92,24.318263934154356,173,13,76,58.77862595397413,True
2023-11-07,Grooming,17317.21,4054.84,349,79,23.415088227259275,112,26,78,58.796296296024096,True
2023-11-07,Toys,12132.65,2896.82,455,100,23.876234787946256,149,32,86,60.29962546793895,True
2023-11-07,Treats,4614.01,1098.21,374,80,23.801638921453613,132,20,71,57.84753363202759,True
2023-11-07,Wellness,18611.97,4346.36,428,83,23.352498419026926,130,19,76,66.22222222192791,True
2023-11-14,Accessories,17518.06,4052.62,348,83,23.133954330558108,133,9,66,66.34615384583488,False
2023-11-14,Grooming,15272.61,3621.77,324,79,23.71415232890621,123,20,52,57.94871794842078,False
2023-11-14,Toys,10308.49,2490.75,393,96,24.162122677518806,153,21,73,61.538461538212395,False
2023-11-14,Treats,4743.57,1173.27,350,78,24.73390294650975,140,15,40,58.46153846123866,False
2023-11-14,Wellness,14097.5,3284.68,329,77,23.299733995387598,116,12,71,59.29648241176233,False
2023-11-21,Accessories,38478.7,7740.36,839,98,20.115960258532123,337,32,99,58.54700854688345,True
2023-11-21,Grooming,33988.16,7272.8099999999995,749,84,21.39806920998308,278,25,112,60.96385542153985,True
2023-11-21,Toys,24602.7,5247.97,919,106,21.330870189043424,362,46,108,60.46511627895259,True
2023-11-21,Treats,10568.16,2223.84,827,86,21.042830540035254,288,28,129,60.44943820211135,True
2023-11-21,Wellness,28314.49,6066.43,691,83,21.425178415715013,244,31,110,58.961038960885816,True
2023-11-28,Accessories,56625.51,11339.21,1172,98,20.02491456589053,454,42,134,61.11111111101412,False
2023-11-28,Grooming,47671.96,9930.61,1015,84,20.831134276836515,381,24,145,61.09090909079802,False
2023-11-28,Toys,34350.01,6973.02,1335,106,20.299906754029468,447,66,194,63.083451202173855,False
2023-11-28,Treats,12519.18,2355.37,1037,86,18.814091657758826,361,22,193,61.63194444433745,False
2023-11-28,Wellness,43921.18,8520.36,1016,83,19.399205576898908,352,29,170,60.43557168773061,False
2023-12-05,Accessories,56913.159999999996,10785.93,1254,98,18.95155707396991,391,52,228,63.934426229412914,False
2023-12-05,Grooming,44738.02,8255.17,1004,84,18.452247104364066,312,25,208,62.20183486227119,False
2023-12-05,Toys,31416.63,5852.07,1269,106,18.627300254673443,450,51,202,64.29587482209915,False
2023-12-05,Treats,12419.02,2338.47,1053,86,18.829746630569975,330,38,184,61.9565217390182,False
2023-12-05,Wellness,40442.76,8156.34,1001,83,20.167614673182044,270,50,203,61.759082217855145,False
2023-12-12,Accessories,69160.79,12432.12,1577,98,17.975676680384684,255,206,291,64.49468085097807,False
2023-12-12,Grooming,63153.47,10047.05,1419,84,15.908943720748583,255,159,279,65.2236652235711,False
2023-12-12,Toys,41127.78,6981.24,1723,105,16.974512118086196,341,148,343,63.22115384607786,False
2023-12-12,Treats,15462.02,2578.66,1327,86,16.677381092508178,253,125,268,64.08668730640234,False
2023-12-12,Wellness,59353.08,10474.59,1442,83,17.647929981055448,225,180,266,63.04023844998057,False
2023-12-19,Accessories,46038.37,9723.83,1016,98,21.121143081303245,142,206,225,58.81326352520277,True
2023-12-19,Grooming,40197.04,7859.03,866,84,19.551265466312458,107,160,202,60.76759061820732,True
2023-12-19,Toys,28335.6,5737.26,1100,106,20.247533138524677,184,223,209,60.22727272717495,True
2023-12-19,Treats,10471.46,2045.12,856,86,19.530418871865095,123,148,210,59.8752598751354,True
2023-12-19,Wellness,37139.38,7049.26,906,83,18.98055379492014,112,181,201,60.52631578935116,True
2023-12-26,Accessories,59698.37,12386.66,1274,98,20.74874071101069,130,255,295,59.999999999911765,True
2023-12-26,Grooming,46099.75,9170.97,1021,84,19.893752135314834,115,191,252,61.64874551960278,True
2023-12-26,Toys,34622.97,6738.89,1385,106,19.463639312282584,180,295,259,61.30790190727342,True
2023-12-26,Treats,13449.69,2659.43,1094,86,19.77316949312439,145,186,244,61.73913043467524,True
2023-12-26,Wellness,43329.42,8726.98,1059,83,20.141003502931262,104,254,207,60.70796460166247,True
2024-01-02,Accessories,13699.9,3444.03,311,87,25.139088606484343,31,73,92,56.1224489793055,False
2024-01-02,Grooming,13382.36,3299.15,279,76,24.652976007219603,35,57,83,61.14285714250776,False
2024-01-02,Toys,8152.02,2052.4,316,93,25.176582000531745,47,71,81,56.7839195977046,False
2024-01-02,Treats,3451.74,800.16,256,77,23.181352013760254,40,58,57,61.93548387056816,False
2024-01-02,Wellness,11171.21,2705.22,265,70,24.215998087939962,36,63,54,60.78431372509292,False
2024-01-09,Accessories,14161.47,3453.43,306,86,24.386098335834884,20,77,93,58.947368420742386,True
2024-01-09,Grooming,12833.16,3159.93,268,73,24.62316374143043,36,51,75,61.72839506134736,True
2024-01-09,Toys,7518.69,1857.34,280,82,24.70297352330995,32,63,72,66.46706586786547,True
2024-01-09,Treats,2900.97,711.17,222,71,24.514903635672027,46,49,44,60.43165467582424,True
2024-01-09,Wellness,10931.7,2694.3,252,71,24.646669776885144,39,58,54,62.913907284351566,True
2024-01-16,Accessories,15858.98,3843.28,323,91,24.234093239286246,30,62,113,60.97560975580012,False
2024-01-16,Grooming,12337.68,3024.14,254,73,24.511415436287493,27,56,69,59.21052631539994,False
2024-01-16,Toys,8302.13,2112.51,317,91,25.445397747322023,51,73,80,61.2745098036212,False
2024-01-16,Treats,3452.12,849.79,253,71,24.616467561954796,32,56,58,56.16438356125916,False
2024-01-16,Wellness,10515.45,2455.04,246,71,23.34697992002022,34,67,45,64.38356164339464,False
2024-01-23,Accessories,18554.28,4298.7699999999995,356,88,23.168616621069468,42,65,110,58.98617511493555,False
2024-01-23,Grooming,14835.32,3646.48,287,79,24.579719210638896,39,48,86,56.06936416152561,False
2024-01-23,Toys,9375.79,2228.23,348,96,23.765784003265452,53,67,101,63.80090497708688,False
2024-01-23,Treats,3648.54,873.93,279,77,23.952868818753814,47,59,68,58.62068965483551,False
2024-01-23,Wellness,11593.08,2803.02,265,71,24.178389176989707,53,64,42,55.97484276694355,False
2024-01-30,Accessories,15828.96,3700.57,322,82,23.37847843446295,51,36,121,62.49999999969952,False
2024-01-30,Grooming,13988.74,3481.96,290,77,24.891162463522456,47,48,79,62.06896551688467,False
2024-01-30,Toys,9629.75,2186.75,351,100,22.70827383888235,71,63,78,59.90566037707592,False
2024-01-30,Treats,3655.2,867.04,276,74,23.7207266360189,41,55,68,56.70731707282496,False
2024-01-30,Wellness,13007.789999999999,3241.87,305,75,24.922527193318395,66,58,58,58.241758241438234,False
2024-02-06,Accessories,19157.33,4471.08,422,93,23.338742925030605,73,43,142,55.81395348815577,False
2024-02-06,Grooming,16248.36,3561.64,326,76,21.9199968489114,64,62,84,57.619047618773244,False
2024-02-06,Toys,12199.35,2639.92,466,102,21.639841466961627,73,75,112,60.76923076899704,False
2024-02-06,Treats,4239.5,975.81,329,74,23.017101073234336,64,62,82,59.61538461509801,False
2024-02-06,Wellness,15588.18,3494.02,348,78,22.41454743273285,67,64,76,59.9033816422227,False
2024-02-13,Accessories,22517.82,5132.76,483,95,22.794213649455287,132,39,127,58.72483221456803,True
2024-02-13,Grooming,19399.5,4279.8,430,81,22.06139333487863,101,56,89,60.97560975584969,True
2024-02-13,Toys,14563.73,3329.2599999999998,553,103,22.859940413614996,106,83,144,56.75675675658631,True
2024-02-13,Treats,5502.96,1234.15,441,80,22.427021094098006,115,36,110,62.452107279454204,True
2024-02-13,Wellness,17510.95,4229.62,401,80,24.15414355017722,82,77,90,60.240963855179764,True
2024-02-20,Accessories,17464.12,4173.8,361,89,23.899286079113985,108,35,71,56.54205607450214,False
2024-02-20,Grooming,15013.8,3624.9,287,74,24.143787715300316,59,28,84,59.06432748503472,False
2024-02-20,Toys,10293.92,2382.69,364,96,23.146575842825364,71,42,106,65.753424657234,False
2024-02-20,Treats,3838.14,942.59,287,73,24.558510111662276,77,26,65,64.88095238056619,False
2024-02-20,Wellness,10777.47,2669.66,244,71,24.770748607973413,73,26,57,57.69230769193787,False
2024-02-27,Accessories,15259.26,3630.2,324,81,23.790144476205015,88,25,87,62.4999999996875,False
2024-02-27,Grooming,14854.14,3749.66,320,77,25.243198192556065,81,26,90,55.329949238297814,False
2024-02-27,Toys,9803.44,2312.5,366,100,23.588658674911702,86,37,107,58.695652173657855,False
2024-02-27,Treats,4292.79,1004.92,329,80,23.40948427479019,101,31,60,57.29166666636828,False
2024-02-27,Wellness,14139.95,3504.0499999999997,312,76,24.781205025475703,89,37,65,57.59162303634769,False
2024-03-05,Accessories,17414.43,4327.45,345,90,24.849794107528936,102,24,79,54.63414634119691,False
2024-03-05,Grooming,15519.35,3812.19,317,74,24.564108677230386,77,20,91,58.510638297561115,False
2024-03-05,Toys,8825.1,2077.9,334,97,23.545342262407956,98,18,100,63.425925925632285,False
2024-03-05,Treats,4162.41,1018.3,306,77,24.464192619173875,88,28,80,53.57142857115525,False
2024-03-05,Wellness,13158.69,3143.36,289,71,23.88809220370539,85,20,68,55.49132947944803,False
2024-03-12,Accessories,16130.28,3812.09,327,91,23.633129741081763,106,21,78,66.34146341431052,False
2024-03-12,Grooming,15752.37,3860.62,327,78,24.508185117539487,82,14,90,60.21505376311713,False
2024-03-12,Toys,10071.43,2432.86,377,95,24.156053311195713,102,25,115,59.504132231159076,False
2024-03-12,Treats,4583.38,1124.62,342,81,24.536913805963163,102,28,78,59.61538461509801,False
2024-03-12,Wellness,14221.25,3422.73,331,80,24.067715566492108,103,22,78,61.08374384206363,False
2024-03-19,Accessories,13752.06,3167.41,299,85,23.032258439824794,108,16,56,66.66666666629631,True
2024-03-19,Grooming,15862.41,3880.97,309,74,24.466458753743947,98,17,68,59.01639344230046,True
2024-03-19,Toys,10472.16,2487.3,395,96,23.751546958791334,117,28,89,61.11111111084996,True
2024-03-19,Treats,4045.19,943.27,333,84,23.318311377210136,93,15,95,62.56157635437162,True
2024-03-19,Wellness,11044.67,2566.63,250,70,23.238630036024325,81,14,58,56.20915032643001,True
2024-03-26,Accessories,21524.11,5139.29,433,93,23.87689897514815,128,24,95,61.133603238618896,False
2024-03-26,Grooming,16586.25,3937.12,331,77,23.737252242066546,109,10,86,61.951219511892916,False
2024-03-26,Toys,11620.23,2800.44,416,96,24.09969510069731,147,20,82,61.44578313228335,False
2024-03-26,Treats,4511.91,1112.05,348,81,24.646989855731903,114,16,79,58.85167464086675,False
2024-03-26,Wellness,14555.17,3516.17,327,76,24.157533027781593,118,16,63,58.88324873066557,False
2024-04-02,Accessories,19476.78,4661.23,413,91,23.932241366384797,132,17,97,56.097560975381725,False
2024-04-02,Grooming,17502.75,4108.97,379,80,23.476139463797203,110,16,100,60.61946902628045,False
2024-04-02,Toys,11830.77,2966.99,440,100,25.078587446123528,134,16,112,59.92366412190869,False
2024-04-02,Treats,4750.01,1137.08,363,80,23.93847591899302,102,23,83,58.17307692279725,False
2024-04-02,Wellness,15347.789999999999,3964.92,357,82,25.833817116338846,132,16,78,55.30973451302961,False
2024-04-09,Accessories,21254.82,5205.72,442,93,24.491950531690012,149,21,82,56.34920634898274,True
2024-04-09,Grooming,18643.57,4392.07,390,80,23.558095364781337,108,10,97,57.674418604382915,True
2024-04-09,Toys,12160.06,2934.15,457,98,24.129403966754758,132,15,110,63.42412451337189,True
2024-04-09,Treats,5157.5,1245.68,397,82,24.152787203097596,128,35,77,62.91666666640452,True
2024-04-09,Wellness,17137.58,4230.22,398,80,24.683881854962912,135,7,90,57.32758620664945,True
2024-04-16,Accessories,17169.42,3916.89,370,90,22.813175983811753,111,22,92,63.11111111083062,False
2024-04-16,Grooming,15906.34,3640.89,332,71,22.889552216284645,78,21,91,61.052631578626034,False
2024-04-16,Toys,12918.32,3223.59,476,98,24.95363174158676,143,20,104,55.430711610279296,False
2024-04-16,Treats,4434.37,1134.56,345,80,25.585596150067406,112,19,81,53.773584905406736,False
2024-04-16,Wellness,14669.73,3439.9,330,80,23.4489660000543,122,11,73,59.70873786378782,False
2024-04-23,Accessories,19421.19,4620.33,405,86,23.790148801385303,131,12,100,60.493827160244884,False
2024-04-23,Grooming,18099.54,4352.2,356,80,24.045914979053386,98,26,90,61.68224299036598,False
2024-04-23,Toys,11348.61,2734.46,433,97,24.09510944511935,126,16,110,58.333333333101855,False
2024-04-23,Treats,5171.36,1271.46,375,84,24.58656910367397,95,31,88,59.81308411187004,False
2024-04-23,Wellness,15030.04,3703.47,340,78,24.640453385351957,119,8,78,58.536585365568115,False
2024-04-30,Accessories,19357.84,4524.62,403,91,23.373578870368625,110,19,112,60.99585062215355,False
2024-04-30,Grooming,15613.19,3510.0,334,81,22.480992033016793,81,27,93,67.16417910414346,False
2024-04-30,Toys,11032.62,2711.78,418,98,24.57965560310927,126,16,108,59.1999999997632,False
2024-04-30,Treats,3949.2,977.1,313,82,24.741719841987052,97,20,88,58.04878048752171,False
2024-04-30,Wellness,13962.45,3183.3,324,76,22.799007337535834,120,9,74,66.9950738912956,False
2024-05-07,Accessories,26359.8,5779.93,577,96,21.927063179537708,163,40,152,59.71830985898671,False
2024-05-07,Grooming,22431.36,4815.65,506,80,21.4683817655273,129,26,151,55.555555555374006,False
2024-05-07,Toys,16826.68,3565.94,656,106,21.192178136149188,182,39,174,59.49367088592533,False
2024-05-07,Treats,7139.58,1443.02,579,86,20.211553060541345,191,34,119,64.8255813951604,False
2024-05-07,Wellness,21569.87,4495.39,519,82,20.841062092631027,186,21,101,65.25974025952837,False
2024-05-14,Accessories,24604.21,5775.25,507,96,23.47260895594602,138,37,113,63.88888888866705,False
2024-05-14,Grooming,17382.7,4141.11,382,81,23.823169012867744,86,25,123,58.11965811940974,False
2024-05-14,Toys,13496.58,3203.08,504,102,23.732530759642536,127,24,141,58.90410958883937,False
2024-05-14,Treats,5967.61,1358.18,465,82,22.7591950546328,142,27,103,61.39705882330369,False
2024-05-14,Wellness,18755.99,4190.73,420,80,22.343422021443686,152,18,75,66.12244897932196,False
2024-05-21,Accessories,23974.23,5848.41,497,93,24.394568668106363,130,42,114,60.13986013964986,True
2024-05-21,Grooming,20524.11,4949.28,404,81,24.114468300938547,112,17,113,60.33057851214739,True
2024-05-21,Toys,15646.52,3695.13,580,102,23.616305734436562,131,37,154,58.38509316752054,True
2024-05-21,Treats,5568.53,1377.46,424,84,24.73651035371548,149,27,79,61.568627450738944,True
2024-05-21,Wellness,18040.71,4261.58,412,83,23.62201931076861,144,24,75,62.551440328960695,True
2024-05-28,Accessories,29731.93,6856.48,623,96,23.06099873099314,161,63,139,63.08539944886202,False
2024-05-28,Grooming,25713.67,6054.62,535,84,23.546308247713238,122,29,153,59.86842105243465,False
2024-05-28,Toys,20195.82,4842.74,736,106,23.978922371063717,156,59,215,57.906976744051384,False
2024-05-28,Treats,6898.31,1644.94,537,85,23.845550576876963,159,38,110,64.16938110728285,False
2024-05-28,Wellness,23747.28,5683.08,551,83,23.9314986811111,169,37,123,54.10334346488115,False
2024-06-04,Accessories,32453.68,7141.89,707,98,22.006410367020873,164,54,203,60.80760094997433,False
2024-06-04,Grooming,32472.4,7276.67,661,83,22.40878407509077,171,42,173,60.10362694284947,False
2024-06-04,Toys,20328.08,4629.39,774,106,22.773375547517386,168,61,225,57.04845814965408,False
2024-06-04,Treats,8019.65,1667.75,627,86,20.795795327723678,195,48,135,62.9629629627964,False
2024-06-04,Wellness,25471.91,5556.02,606,83,21.81234151659527,175,57,134,63.661202185618414,False
2024-06-11,Accessories,42009.67,9408.79,867,97,22.39672437322116,152,99,222,59.19661733602707,True
2024-06-11,Grooming,29091.7,6408.28,635,83,22.02786361745714,167,43,166,59.30851063814014,True
2024-06-11,Toys,23280.0,5200.06,905,105,22.337027491407976,167,99,248,61.08949416330528,True
2024-06-11,Treats,9526.0,2160.64,779,86,22.68150325424914,217,53,176,58.520179372066096,True
2024-06-11,Wellness,31287.23,6754.31,725,82,21.58807283354833,175,59,163,60.95717884115628,True
2024-06-18,Accessories,35523.340000000004,7676.96,738,97,21.611030944724746,127,105,199,59.86078886297016,True
2024-06-18,Grooming,25905.48,5804.2,548,84,22.405298029605227,125,53,163,58.35777126082593,True
2024-06-18,Toys,19095.46,4288.41,749,105,22.457746500999583,131,86,238,59.560439560308666,True
2024-06-18,Treats,7690.82,1625.81,610,85,21.139618402196238,131,58,181,61.62162162145508,True
2024-06-18,Wellness,22235.87,4691.57,540,82,21.099106983445168,134,59,135,60.36585365835254,True
2024-06-25,Accessories,38751.42,8301.93,839,98,21.42355041441007,137,142,207,55.96707818918525,False
2024-06-25,Grooming,30974.48,6548.1,641,82,21.140306471649527,141,75,154,60.81081081064645,False
2024-06-25,Toys,21791.89,4673.9,857,105,21.447887264481352,125,110,253,60.655737704793744,False
2024-06-25,Treats,8661.14,1754.3,688,86,20.25483943222021,114,83,214,64.72019464704448,False
2024-06-25,Wellness,28126.54,6085.35,671,83,21.635615329862055,121,85,171,56.23342175051397,False
2024-07-02,Accessories,37391.07,8097.82,809,98,21.657096199707,102,156,218,61.97478991583619,True
2024-07-02,Grooming,33955.16,7562.02,687,84,22.270606293711406,124,87,184,58.734177215041186,True
2024-07-02,Toys,23182.11,5246.98,874,105,22.633746453622095,150,103,251,59.52380952369142,True
2024-07-02,Treats,9141.43,2052.06,730,85,22.44791022848477,117,101,198,60.09615384600938,True
2024-07-02,Wellness,28916.07,6550.44,658,81,22.653285871834495,87,108,179,58.288770053320086,True
2024-07-09,Accessories,35662.44,7866.73,769,98,22.058866415196995,87,153,210,59.33333333320149,False
2024-07-09,Grooming,28187.61,6036.8,618,84,21.41650178926055,100,84,175,59.331476322954515,False
2024-07-09,Toys,19683.03,4481.7,782,106,22.76936020521115,131,129,218,59.41422594129829,False
2024-07-09,Treats,7829.37,1646.91,615,85,21.035025806671413,75,91,184,61.99999999982286,False
2024-07-09,Wellness,25749.13,5748.1,595,82,22.3234726765517,85,103,162,58.285714285547755,False
2024-07-16,Accessories,35271.09,8192.83,753,98,23.22817355516875,101,131,207,59.90888382674281,False
2024-07-16,Grooming,30902.24,6836.62,661,84,22.123380052707436,87,94,214,59.99999999984811,False
2024-07-16,Toys,20334.86,4497.73,765,106,22.118322919360047,126,125,193,57.43243243230308,False
2024-07-16,Treats,8166.83,1674.81,659,85,20.507467401669864,96,107,180,66.84073107032157,False
2024-07-16,Wellness,26848.22,5804.95,628,83,21.621358883381404,68,122,171,61.49584487517591,False
2024-07-23,Accessories,35488.7,7658.25,775,98,21.579404148362112,95,167,190,60.17699115030935,False
2024-07-23,Grooming,29270.41,6320.41,622,84,21.593172080608998,100,91,184,59.199999999842134,False
2024-07-23,Toys,21150.18,4696.37,781,105,22.20487012403572,138,138,184,57.826086956396026,False
2024-07-23,Treats,8263.72,1793.94,648,85,21.708625171227762,113,110,171,62.18274111659344,False
2024-07-23,Wellness,25634.03,5576.57,603,82,21.754558296139088,69,135,148,61.93181818164224,False
2024-07-30,Accessories,37856.5,7917.01,849,96,20.91321173378361,104,147,218,59.70149253718614,False
2024-07-30,Grooming,34988.65,6973.19,732,84,19.929862969848227,94,94,217,61.234567901083366,False
2024-07-30,Toys,24394.16,5166.11,939,106,21.177650716400105,109,141,259,59.135559921298366,False
2024-07-30,Treats,9538.13,1853.4,779,86,19.431481852310732,77,139,204,65.71428571412925,False
2024-07-30,Wellness,30323.84,6310.41,728,83,20.810062314007038,90,144,178,58.980582524128685,False
2024-08-06,Accessories,54247.38,8927.94,1229,97,16.45782708768578,110,231,259,64.33333333322612,False
2024-08-06,Grooming,48688.88,8855.89,1082,84,18.188732211543616,76,186,261,62.71510516240399,False
2024-08-06,Toys,32715.16,6283.48,1329,106,19.206630809691312,78,245,317,63.12499999990136,False
2024-08-06,Treats,13751.21,2511.35,1121,86,18.262756513789093,76,237,239,63.405797101334414,False
2024-08-06,Wellness,43106.46,7503.07,1067,83,17.405906214520574,89,228,204,63.14779270621277,False
2024-08-13,Accessories,25436.56,5370.67,525,95,21.11397924876551,48,138,137,59.13312693480145,False
2024-08-13,Grooming,19998.05,4575.73,410,80,22.880880885885226,36,108,122,64.28571428547262,False
2024-08-13,Toys,13976.02,3094.97,544,104,22.144859552288693,40,142,160,57.30994152030027,False
2024-08-13,Treats,5028.58,1157.16,403,82,23.011665321020445,32,111,117,63.84615384590828,False
2024-08-13,Wellness,17186.13,3780.06,400,82,21.994829551503333,31,103,102,60.593220338726304,False
2024-08-20,Accessories,26544.35,5634.8,595,97,21.227869584298688,60,145,155,61.94444444427237,True
2024-08-20,Grooming,23242.7,4832.53,503,83,20.79160338514799,43,115,157,62.85714285694331,True
2024-08-20,Toys,17177.66,3975.53,659,103,23.14360628863168,70,157,163,59.99999999984615,True
2024-08-20,Treats,6587.67,1462.97,512,84,22.20770014283924,41,140,136,61.51419558340216,True
2024-08-20,Wellness,22788.24,4941.35,529,83,21.683771980634674,48,138,123,59.223300970682125,True
2024-08-27,Accessories,25261.99,5829.48,539,97,23.076091788492388,46,151,124,54.20560747646665,True
2024-08-27,Grooming,20257.68,4595.64,419,77,22.685914675322017,32,106,105,58.847736625272226,True
2024-08-27,Toys,13590.23,3145.8,513,102,23.147511116440036,48,124,131,59.40594059386335,True
2024-08-27,Treats,6231.19,1406.1,496,84,22.56551316842809,53,134,118,60.983606557177104,True
2024-08-27,Wellness,18501.93,4162.86,431,78,22.49959869051377,27,104,129,57.6923076920858,True
2024-09-03,Accessories,14029.15,3161.23,306,88,22.533296742851665,34,61,94,64.55026454992301,False
2024-09-03,Grooming,13511.39,3330.34,272,77,24.648389247884587,41,60,70,60.81871344993674,False
2024-09-03,Toys,8249.07,2028.23,316,92,24.587377728637943,23,77,93,62.176165802786656,False
2024-09-03,Treats,3659.13,871.06,286,76,23.805112144137045,33,71,76,56.111111110799385,False
2024-09-03,Wellness,11568.76,2889.22,275,73,24.97432741278884,24,60,76,63.12499999960547,False
2024-09-10,Accessories,16777.17,4254.92,325,88,25.361369050917087,38,72,88,56.060606060322925,False
2024-09-10,Grooming,12135.3,2923.29,266,76,24.089144891348045,35,58,76,55.62130177481881,False
2024-09-10,Toys,9466.05,2312.06,356,99,24.424760063593112,43,83,94,60.90909090881406,False
2024-09-10,Treats,4315.74,1052.34,326,79,24.3837673261076,32,85,72,61.37566137533664,False
2024-09-10,Wellness,12837.38,3142.13,291,75,24.476411853507145,16,83,69,65.47619047580075,False
2024-09-17,Accessories,17032.22,4154.98,355,87,24.394823458126748,49,60,96,62.43902438993933,False
2024-09-17,Grooming,15217.71,3635.1,317,77,23.88729973169262,35,70,87,55.729166666376415,False
2024-09-17,Toys,8682.49,2117.6,326,96,24.389316889506997,34,63,108,56.58536585338252,False
2024-09-17,Treats,3837.63,921.96,290,76,24.024202437435598,30,75,79,60.32608695619388,False
2024-09-17,Wellness,12249.92,3022.27,263,72,24.67175295838465,24,59,79,57.40740740705304,False
2024-09-24,Accessories,14087.99,3399.91,282,82,24.13339305323015,34,35,97,60.240963855058794,False
2024-09-24,Grooming,12644.86,3112.38,267,73,24.613795645026944,45,61,57,61.34969325115737,False
2024-09-24,Toys,9004.2,2144.9,334,91,23.821105706223335,37,67,107,62.085308056577794,False
2024-09-24,Treats,3614.25,827.06,293,74,22.88330912360161,32,53,75,66.24999999958594,False
2024-09-24,Wellness,11477.25,2736.61,266,73,23.84377790846903,23,61,77,62.11180124185024,False
2024-10-01,Accessories,20018.94,5053.74,398,94,25.24479318085647,49,69,131,55.82329317246657,False
2024-10-01,Grooming,16039.03,3858.65,325,77,24.057876317955383,53,55,79,56.684491978306504,False
2024-10-01,Toys,13276.65,3258.15,465,99,24.540452599110125,68,78,121,57.677902621506824,False
2024-10-01,Treats,4333.13,1087.14,338,79,25.089023408015663,50,71,86,57.4879227050363,False
2024-10-01,Wellness,14570.09,3476.84,330,77,23.86285877437793,43,80,79,61.881188118505534,False
2024-10-08,Accessories,13548.84,3339.61,283,83,24.648678410843686,50,46,89,56.75675675644997,True
2024-10-08,Grooming,13703.18,3094.35,282,73,22.581254862008482,52,41,70,63.19018404869209,True
2024-10-08,Toys,8249.95,1945.48,326,95,23.58171867708003,59,48,93,65.4999999996725,True
2024-10-08,Treats,3275.9700000000003,831.3,246,70,25.375690253566002,50,37,67,59.090909090525386,True
2024-10-08,Wellness,12869.91,3243.65,291,79,25.20336195047011,39,67,84,57.89473684180055,True
2024-10-15,Accessories,22464.6,5190.41,454,88,23.104840504615122,88,51,125,59.469696969471705,False
2024-10-15,Grooming,16451.81,3667.34,363,83,22.291407449999586,52,42,120,57.943925233374095,False
2024-10-15,Toys,12309.75,2676.62,466,100,21.743902191350614,94,54,138,60.13986013964986,False
2024-10-15,Treats,4205.35,995.92,333,84,23.68221432222676,57,43,111,58.29383886228297,False
2024-10-15,Wellness,14047.5,3056.44,329,71,21.757892863497293,62,60,68,58.947368420742386,False
2024-10-22,Accessories,22355.41,4912.2300000000005,458,95,21.973338892016656,84,44,137,59.24528301864436,True
2024-10-22,Grooming,17462.07,3482.35,374,82,19.942366512101948,50,42,130,61.261261260985314,True
2024-10-22,Toys,11693.77,2609.63,447,99,22.316412927565505,85,47,131,56.653992395221856,True
2024-10-22,Treats,4599.87,1044.91,373,79,22.716076758686068,78,47,94,57.53424657507975,True
2024-10-22,Wellness,13562.99,2745.93,318,78,20.24575701965273,46,71,78,66.66666666632479,True
2024-10-29,Accessories,18882.53,4662.91,393,88,24.694307383596122,84,40,112,62.28813559295641,True
2024-10-29,Grooming,18884.17,4644.85,390,82,24.596527144162305,75,50,104,58.51528384253923,True
2024-10-29,Toys,11305.25,2722.76,432,104,24.08403175515587,99,51,120,56.29629629608779,True
2024-10-29,Treats,4047.15,1026.16,312,74,25.355126446999655,73,21,90,61.41304347792711,True
2024-10-29,Wellness,13942.94,3265.66,311,80,23.421602617523746,67,36,83,61.290322580315646,True
2024-11-05,Accessories,19328.05,4643.45,432,95,24.024410118970923,108,33,104,62.040816326277394,True
2024-11-05,Grooming,17265.51,4178.0,348,80,24.19853221827654,65,49,98,54.71698113181738,True
2024-11-05,Toys,13131.54,3208.59,487,100,24.43422477485318,106,47,128,60.854092526473835,True
2024-11-05,Treats,4772.34,1194.64,371,81,25.032583596301805,102,26,101,56.33187772901166,True
2024-11-05,Wellness,15661.5,3783.52,338,80,24.158094690800745,85,40,88,55.86854460067667,True
2024-11-12,Accessories,26768.81,6519.63,522,94,24.355322481648443,101,38,159,60.402684563555695,False
2024-11-12,Grooming,23888.44,5934.63,494,82,24.843104028558383,92,66,118,61.23188405774916,False
2024-11-12,Toys,15284.31,3772.07,577,101,24.679360730054242,144,47,149,58.235294117475775,False
2024-11-12,Treats,5312.04,1294.92,421,82,24.377075473824675,95,21,124,55.8333333331007,False
2024-11-12,Wellness,18784.34,4831.8,416,81,25.722490116766107,98,37,113,58.8709677416981,False
2024-11-19,Accessories,42982.32,9929.5,868,97,23.101358884303522,135,102,228,55.698924731063016,False
2024-11-19,Grooming,32567.01,7167.33,699,83,22.00794607794753,107,78,185,57.83783783768152,False
2024-11-19,Toys,24408.82,5446.78,919,105,22.314802600042842,176,77,242,59.5959595958392,False
2024-11-19,Treats,9155.03,2062.71,706,85,22.530892853434388,132,55,191,61.90476190459814,False
2024-11-19,Wellness,24751.85,5254.02,609,82,21.226776988385872,126,49,157,64.45783132510707,False
2024-11-26,Accessories,78078.29,16027.85,1628,98,20.527921397868468,163,245,406,62.89926289918563,True
2024-11-26,Grooming,59962.27,11755.19,1317,84,19.604311177678575,154,239,295,64.24418604641825,True
2024-11-26,Toys,44060.73,8821.49,1752,106,20.021207093027733,216,207,472,62.68156424574002,True
2024-11-26,Treats,17731.24,3709.13,1392,86,20.91861595692005,188,199,339,62.39669421479008,True
2024-11-26,Wellness,58976.69,11596.55,1415,83,19.662938018393035,204,175,349,61.67582417573946,True
2024-12-03,Accessories,61402.96,12786.99,1324,98,20.824712684860458,110,297,319,62.67217630845362,False
2024-12-03,Grooming,55939.41,11813.27,1191,84,21.11797389353908,72,272,277,62.15780998379685,False
2024-12-03,Toys,37877.7,7717.4,1477,106,20.37452115624707,105,286,428,62.88156288148611,False
2024-12-03,Treats,12754.83,2412.05,1090,86,18.91087533114758,92,218,279,63.32767402366159,False
2024-12-03,Wellness,49321.26,9884.96,1159,83,20.041985950885678,157,230,241,64.80891719734903,False
2024-12-10,Accessories,54614.29,10403.8,1205,98,19.049593064378957,74,281,328,62.8111273791174,False
2024-12-10,Grooming,55721.77,11169.17,1211,84,20.04453555585151,64,346,235,62.015503875872845,False
2024-12-10,Toys,38215.78,7230.52,1497,106,18.920247081179063,92,352,350,63.727959697652736,False
2024-12-10,Treats,13049.28,2434.49,1063,86,18.65612508889236,88,271,232,64.63620981376542,False
2024-12-10,Wellness,44320.3,8832.46,1067,83,19.928700843631024,87,254,249,61.1864406778624,False
2024-12-17,Accessories,79708.98,15736.63,1745,98,19.742606165578586,88,436,335,60.65192083811333,True
2024-12-17,Grooming,69338.74,13686.53,1527,84,19.73864826502443,58,451,261,62.72727272719126,True
2024-12-17,Toys,45661.28,9293.02,1789,106,20.352079486163767,100,452,324,59.817351598105226,True
2024-12-17,Treats,18028.72,3403.46,1527,86,18.87799022892258,75,369,312,63.49206349197951,True
2024-12-17,Wellness,62088.11,11969.46,1482,83,19.27818385839061,67,384,265,60.195530726172905,True
2024-12-24,Accessories,64612.29,11377.79,1468,98,17.609327884834023,79,407,262,63.502673796706546,True
2024-12-24,Grooming,56560.03,11466.97,1211,84,20.27398146712404,31,358,245,60.88328075700177,True
2024-12-24,Toys,39337.49,7865.62,1545,106,19.9952259282425,75,411,331,61.07711138303418,True
2024-12-24,Treats,15501.72,3147.69,1268,86,20.305424172284088,73,335,241,60.554699537657086,True
2024-12-24,Wellness,53594.02,10214.1,1283,83,19.05828299500543,79,356,222,64.38356164373762,True
2024-12-31,Accessories,19318.04,4279.99,408,93,22.15540499967791,26,116,99,59.33609958481604,True
2024-12-31,Grooming,17845.16,3727.73,390,82,20.889305559601546,16,112,91,63.470319634413386,True
2024-12-31,Toys,10652.36,2374.9,419,102,22.29459011899501,16,128,101,58.36734693853728,True
2024-12-31,Treats,3924.23,870.65,318,80,22.186518119472563,20,95,82,55.83756345149321,True
2024-12-31,Wellness,17485.98,3909.23,398,80,22.356367787220254,29,111,82,57.20720720694952,True
2025-01-07,Accessories,10994.14,2564.04,223,74,23.321878746311825,8,68,65,63.12056737543886,False
2025-01-07,Grooming,7213.3,1653.72,155,53,22.925983946318198,14,40,39,66.66666666594982,False
2025-01-07,Toys,5487.97,1287.06,203,79,23.45238767704206,25,52,56,63.9097744356097,False
2025-01-07,Treats,2553.3,652.01,188,67,25.535973054468514,15,56,46,52.991452991000074,False
2025-01-07,Wellness,8747.88,2049.37,203,68,23.42704746749802,23,59,41,69.91869918642342,False
2025-01-14,Accessories,9926.48,2462.51,197,77,24.807484626975043,17,59,49,64.7999999994816,True
2025-01-14,Grooming,8574.41,1966.22,184,62,22.931257077743783,18,58,42,61.864406779136736,True
2025-01-14,Toys,6077.08,1425.94,223,80,23.464229531284193,21,68,48,64.23357664186692,True
2025-01-14,Treats,2266.5,558.0,166,63,24.61945731302686,15,50,44,60.550458715040826,True
2025-01-14,Wellness,8247.41,2014.59,191,68,24.426941306419295,15,63,39,60.683760683242014,True
2025-01-21,Accessories,9719.31,2510.6,182,67,25.83105179276864,21,54,37,50.89285714240274,False
2025-01-21,Grooming,5720.44,1475.83,115,54,25.799239219356235,14,37,32,62.65060240888373,False
2025-01-21,Toys,5518.36,1399.33,196,79,25.35771497328457,17,58,49,54.8387096769771,False
2025-01-21,Treats,2015.45,486.21999999999997,150,59,24.124637177789513,5,43,46,52.12765957391353,False
2025-01-21,Wellness,6251.92,1579.77,147,57,25.26855749913222,7,49,40,60.41666666603732,False
2025-01-28,Accessories,11618.49,2954.39,233,76,25.42834740142433,28,60,60,56.75675675637327,False
2025-01-28,Grooming,10756.039999999999,2518.76,215,71,23.417168400264096,34,48,49,59.54198473236991,False
2025-01-28,Toys,6864.74,1600.1,251,82,23.308967273338347,22,73,59,61.038961038564686,False
2025-01-28,Treats,2467.93,615.87,197,66,24.95492173601968,19,53,49,54.54545454500376,False
2025-01-28,Wellness,9073.3,2290.22,220,67,25.241312422158945,18,57,60,58.51851851808505,False
2025-02-04,Accessories,12196.6,2960.66,275,84,24.274469934241978,29,75,73,58.7570621465607,False
2025-02-04,Grooming,10537.51,2350.63,225,70,22.30726234186043,36,50,58,66.66666666620371,False
2025-02-04,Toys,7449.68,1767.53,276,91,23.726254013592026,35,76,65,61.36363636328771,False
2025-02-04,Treats,2737.0,616.01,213,73,22.506759225421078,19,60,59,57.97101449233355,False
2025-02-04,Wellness,8070.12,1818.04,186,62,22.528041714370723,25,53,45,62.6016260157512,False
2025-02-11,Accessories,15460.6,3052.46,339,90,19.743476967257433,55,70,90,59.999999999720934,True
2025-02-11,Grooming,10832.66,2158.25,250,66,19.92354601731985,51,52,62,65.45454545414876,True
2025-02-11,Toys,8980.97,1861.8700000000001,353,92,20.73127958338345,51,89,72,63.6792452827185,True
2025-02-11,Treats,3497.56,715.3,297,78,20.45140040484782,33,81,72,56.45161290292231,True
2025-02-11,Wellness,10826.25,2087.17,267,71,19.278789978060797,33,74,58,66.0606060602057,True
2025-02-18,Accessories,9793.99,2235.83,201,69,22.82859182008325,41,36,46,70.73170731649812,False
2025-02-18,Grooming,8948.07,2177.45,192,69,24.334297787117855,37,30,51,65.25423728758258,False
2025-02-18,Toys,6437.86,1574.51,243,77,24.45704007231837,48,46,56,61.99999999958668,False
2025-02-18,Treats,2115.48,479.08,159,61,22.646397035177525,20,37,35,60.86956521672967,False
2025-02-18,Wellness,7247.8,1777.1200000000001,166,64,24.51944038190561,28,31,47,53.77358490515308,False
2025-02-25,Accessories,12093.55,2987.48,249,81,24.70308552906097,66,37,60,55.8282208585532,False
2025-02-25,Grooming,11534.6,2846.43,236,67,24.677318675981418,51,33,63,56.46258503362951,False
2025-02-25,Toys,7531.18,1835.6399999999999,279,87,24.373869699034625,38,56,76,56.47058823496194,False
2025-02-25,Treats,3347.82,786.18,254,77,23.483341398276046,41,54,64,59.119496854974095,False
2025-02-25,Wellness,9306.15,2199.85,207,65,23.638669052183378,33,34,62,61.240310077044654,False
2025-03-04,Accessories,8945.19,2244.59,193,77,25.09270345291435,55,30,38,58.536585365377746,False
2025-03-04,Grooming,10450.74,2621.06,223,69,25.080137865832935,57,28,57,60.56338028126365,False
2025-03-04,Toys,7031.96,1722.78,287,86,24.499286116527326,59,39,84,60.989010988675886,False
2025-03-04,Treats,3265.92,795.6800000000001,253,73,24.363119733482648,36,43,65,61.111111110686736,False
2025-03-04,Wellness,8360.57,2145.33,197,66,25.66009255349508,36,27,62,63.999999999488,False
2025-03-11,Accessories,15197.88,3571.54,292,82,23.500251350844756,59,39,81,60.893854748263166,False
2025-03-11,Grooming,11441.48,2697.17,229,68,23.573611106253427,53,30,55,60.14492753579606,False
2025-03-11,Toys,7186.87,1814.7,270,99,25.250213236078395,57,38,79,56.89655172381094,False
2025-03-11,Treats,2757.57,673.41,217,72,24.42041362503058,36,33,71,64.2857142852551,False
2025-03-11,Wellness,9458.79,2375.14,219,70,25.110399956017087,49,27,59,58.51851851808505,False
2025-03-18,Accessories,12096.05,2948.54,236,81,24.376056646589227,67,25,59,60.92715231747731,True
2025-03-18,Grooming,14768.2,3586.8,290,74,24.28732005254369,89,20,70,56.98324022314535,True
2025-03-18,Toys,9271.05,2207.07,353,94,23.80604138689536,80,42,91,64.31924882598912,True
2025-03-18,Treats,3586.39,860.54,271,78,23.994601814073764,56,38,73,56.88622754456954,True
2025-03-18,Wellness,9708.45,2386.66,224,67,24.58332689563992,67,23,50,62.14285714241326,True
2025-03-25,Accessories,12209.39,3128.23,265,80,25.621509346492687,85,10,67,56.1728395058261,False
2025-03-25,Grooming,11489.09,2830.87,229,74,24.639636385473118,66,15,59,54.285714285326534,False
2025-03-25,Toys,8557.23,2103.69,317,88,24.58377302000477,82,29,70,58.56353591127865,False
2025-03-25,Treats,3065.18,736.48,224,68,24.0273001911718,76,13,61,55.999999999626674,False
2025-03-25,Wellness,7920.36,1945.1399999999999,181,65,24.558732178837253,63,17,46,60.31746031698161,False
2025-04-01,Accessories,12041.52,2985.09,253,82,24.78997668068277,71,15,71,62.42038216520752,False
2025-04-01,Grooming,9337.55,2261.56,188,65,24.220057723918565,75,3,44,55.73770491757591,False
2025-04-01,Toys,7183.15,1760.77,268,90,24.512504959519916,87,22,63,60.465116278718234,False
2025-04-01,Treats,2884.29,669.88,209,71,23.225126460923406,72,15,45,59.84848484803146,False
2025-04-01,Wellness,10983.6,2529.16,243,65,23.02669434429303,75,27,41,62.93706293662282,False
2025-04-08,Accessories,13676.27,3207.21,285,83,23.450911688638534,95,9,71,58.28571428538123,True
2025-04-08,Grooming,11368.36,2768.23,231,67,24.350302066434878,83,10,38,56.488549617889404,True
2025-04-08,Toys,8830.65,2047.51,320,87,23.18640190699176,109,24,60,64.24870466287955,True
2025-04-08,Treats,3236.62,814.59,247,78,25.167922091556882,86,15,47,62.83783783741326,True
2025-04-08,Wellness,9964.78,2535.08,243,67,25.440401092645747,89,19,44,59.21052631539994,True
2025-04-15,Accessories,11520.19,2769.17,221,75,24.03753757533304,85,8,49,57.04225352072506,False
2025-04-15,Grooming,11127.64,2614.61,215,72,23.4965365522228,89,8,40,58.39416058351537,False
2025-04-15,Toys,8516.67,2123.57,319,90,24.93427595527067,108,35,57,59.9999999997,False
2025-04-15,Treats,2983.0,697.98,227,73,23.39859202144707,81,12,49,61.26760563337136,False
2025-04-15,Wellness,9688.09,2315.86,222,69,23.90419577026804,87,17,43,57.142857142468415,False
2025-04-22,Accessories,12218.12,2918.46,255,81,23.886326210577085,117,11,33,68.94409937845377,False
2025-04-22,Grooming,12852.01,3166.55,256,72,24.63855848228996,107,8,38,62.09150326756804,False
2025-04-22,Toys,7861.9800000000005,1878.81,295,88,23.897415154957923,97,13,63,57.80346820775837,False
2025-04-22,Treats,3208.43,809.84,231,68,25.24100572553391,69,6,55,59.23076923031362,False
2025-04-22,Wellness,9996.85,2356.68,236,68,23.574225881150202,95,16,33,62.49999999956598,False
2025-04-29,Accessories,14374.04,3420.5,286,88,23.796371792479786,126,5,45,59.09090909057335,False
2025-04-29,Grooming,13121.24,3388.21,275,72,25.822330816292833,112,4,47,58.895705521111076,False
2025-04-29,Toys,9618.12,2428.66,344,93,25.250880629475898,130,11,67,59.61538461509801,False
2025-04-29,Treats,3312.08,746.25,251,72,22.53115866765823,93,16,39,66.89189189143993,False
2025-04-29,Wellness,10975.17,2676.35,233,68,24.385499267890665,90,10,37,62.04379561998509,False
2025-05-06,Accessories,14706.64,3207.86,305,85,21.812324229054237,134,10,50,56.18556701001967,False
2025-05-06,Grooming,11510.58,2406.53,241,74,20.907113281865822,118,2,39,62.26415094300464,False
2025-05-06,Toys,7914.5,1819.24,311,91,22.98616463452865,123,15,64,55.44554455418097,False
2025-05-06,Treats,3373.8,732.22,256,68,21.703124073738305,81,13,59,59.4771241826178,False
2025-05-06,Wellness,10279.14,2245.18,237,72,21.84209963090085,102,13,39,66.23376623333614,False
2025-05-13,Accessories,16009.48,3523.19,316,83,22.006898412689107,133,7,57,62.43654822303332,False
2025-05-13,Grooming,11058.79,2419.74,238,67,21.880693999974508,116,5,33,55.84415584379322,False
2025-05-13,Toys,8531.98,1862.64,328,90,21.831274803735848,127,8,75,65.7142857139728,False
2025-05-13,Treats,3233.04,772.08,252,78,23.880929403897298,94,6,64,54.268292682595934,False
2025-05-13,Wellness,12171.14,2812.12,282,74,23.10482009080307,118,17,31,57.22891566230586,False
2025-05-20,Accessories,13499.43,3304.38,300,87,24.477922401166236,144,1,57,55.44554455418097,True
2025-05-20,Grooming,13544.58,3140.22,311,80,23.184329082184664,134,6,45,59.45945945913807,True
2025-05-20,Toys,9001.45,2176.26,338,96,24.17677152014129,143,15,57,60.465116278788535,True
2025-05-20,Treats,3146.06,757.13,245,72,24.0659745840753,95,10,48,56.86274509766756,True
2025-05-20,Wellness,10765.56,2532.72,242,73,23.526133336303587,102,4,44,60.66666666626222,True
2025-05-27,Accessories,18061.88,3816.2799999999997,389,89,21.12891902725402,156,7,62,59.555555555290866,False
2025-05-27,Grooming,17537.56,4035.4,380,81,23.01004244604021,149,6,61,56.481481481219994,False
2025-05-27,Toys,10086.68,2278.75,388,98,22.591675357994642,150,19,58,58.59030836978595,False
2025-05-27,Treats,4353.72,891.4,345,84,20.4744448425667,136,9,53,57.070707070418834,False
2025-05-27,Wellness,15405.7,3499.41,362,80,22.7150340458387,148,7,55,60.9523809520907,False
2025-06-03,Accessories,34231.65,5866.82,775,97,17.138583737564005,262,27,97,61.398963730410884,False
2025-06-03,Grooming,30692.56,5216.56,680,84,16.996171059044375,213,14,123,57.99999999983429,False
2025-06-03,Toys,19156.97,3302.64,785,106,17.239887101142966,253,26,130,61.6136919313897,False
2025-06-03,Treats,7892.49,1268.75,656,85,16.07540839456039,161,26,133,59.687499999813475,False
2025-06-03,Wellness,26217.46,5002.3,640,80,19.080032924622785,182,20,114,56.64556962007391,False
2025-06-10,Accessories,28916.19,5408.4800000000005,622,96,18.703985552729506,208,33,95,61.01190476172318,False
2025-06-10,Grooming,27390.72,4517.78,601,82,16.49383440814931,140,30,139,60.19417475708675,False
2025-06-10,Toys,17332.09,2807.5,701,102,16.198277299505357,179,43,140,60.22099447497177,False
2025-06-10,Treats,6560.76,1014.01,567,85,15.455678915245267,124,38,123,63.50877192960173,False
2025-06-10,Wellness,20397.54,4000.19,491,81,19.6111393824932,126,33,95,61.417322834403876,False
2025-06-17,Accessories,34237.09,5576.7699999999995,760,95,16.288679908251076,165,44,176,61.55844155828167,True
2025-06-17,Grooming,28286.35,5053.61,633,83,17.86589644828626,120,53,164,59.34718100872598,True
2025-06-17,Toys,19192.15,3745.93,769,106,19.518032112086477,183,47,178,59.06862745083562,True
2025-06-17,Treats,6906.16,1123.87,585,85,16.273442839433738,120,58,131,62.78317152083241,True
2025-06-17,Wellness,25448.46,4605.9,633,83,18.098934080882767,157,61,118,61.607142856959506,True
2025-06-24,Accessories,25650.44,4186.59,580,94,16.321708321572014,113,63,127,60.06600660046183,False
2025-06-24,Grooming,21578.35,3043.64,510,81,14.105063640175727,84,61,127,61.39705882330369,False
2025-06-24,Toys,14293.07,2105.21,598,102,14.728886096547859,123,58,138,61.442006269399876,False
2025-06-24,Treats,6497.12,1155.89,536,84,17.790805772401036,77,67,130,58.02919708008019,False
2025-06-24,Wellness,16943.73,2800.94,441,79,16.53083470994778,67,61,109,61.18143459889798,False
2025-07-01,Accessories,25225.25,4469.37,542,94,17.717842241404238,90,66,130,56.64335664315859,True
2025-07-01,Grooming,22857.61,4579.57,499,80,20.035209280409454,62,63,118,58.847736625272226,True
2025-07-01,Toys,13171.83,2086.4700000000003,551,97,15.840395753664009,83,73,134,65.51724137908442,True
2025-07-01,Treats,5410.39,967.62,469,81,17.884477828766894,51,81,114,61.788617885927685,True
2025-07-01,Wellness,18094.72,3107.89,443,78,17.175673345593786,67,69,92,58.77192982430364,True
2025-07-08,Accessories,24304.0,4309.49,536,97,17.731607965766223,48,95,134,62.815884476307524,False
2025-07-08,Grooming,16160.2,2917.36,396,73,18.052746871943537,43,80,80,61.57635467949962,False
2025-07-08,Toys,13270.62,1788.63,556,103,13.478119334287811,82,91,117,62.41379310323306,False
2025-07-08,Treats,6157.31,1109.33,499,81,18.016471478613543,51,98,109,60.852713178058714,False
2025-07-08,Wellness,15658.91,3087.47,386,79,19.71701734028615,44,78,94,62.49999999971065,False
2025-07-15,Accessories,30034.96,4751.76,716,96,15.82076353689115,42,133,180,59.154929577298155,False
2025-07-15,Grooming,29254.329999999998,4990.11,642,82,17.057680008394755,56,153,115,61.1111111109225,False
2025-07-15,Toys,16608.72,3026.81,710,104,18.22422197496145,79,142,141,62.983425414190656,False
2025-07-15,Treats,7167.27,1348.91,578,83,18.82041558361568,36,141,106,62.89752650154453,False
2025-07-15,Wellness,22456.16,3566.16,562,81,15.880542354524732,47,118,124,60.89965397902803,False
2025-07-22,Accessories,29704.55,4927.01,655,98,16.586718196370033,14,167,151,62.04819277089745,False
2025-07-22,Grooming,23975.489999999998,4488.39,549,82,18.720743559359217,35,151,93,64.15770609296001,False
2025-07-22,Toys,16522.93,3068.98,682,101,18.574066463997692,54,161,134,63.610315186064156,False
2025-07-22,Treats,6539.23,1150.05,550,81,17.586933018104947,24,141,107,64.7058823527033,False
2025-07-22,Wellness,19410.55,3369.2,495,78,17.357571011639685,50,90,108,58.46774193524812,False
2025-07-29,Accessories,29779.7,5786.92,677,98,19.43243216016214,11,195,124,60.606060605876955,False
2025-07-29,Grooming,24622.579999999998,4151.29,583,82,16.85968732764735,17,176,91,60.91549295753199,False
2025-07-29,Toys,17688.59,3129.65,716,100,17.693043933969996,30,210,132,57.258064515975114,False
2025-07-29,Treats,6417.57,1064.32,533,82,16.584470445976187,22,167,87,60.14492753601397,False
2025-07-29,Wellness,19367.86,3708.92,469,78,19.14986993916627,30,101,120,59.76095617506072,False
2025-08-05,Accessories,24197.28,4630.92,545,93,19.13818412647954,9,186,100,57.966101694718766,False
2025-08-05,Grooming,20931.17,3523.41,496,82,16.833316054476803,13,160,78,57.370517928058284,False
2025-08-05,Toys,15477.23,3422.3,611,101,22.111837841782922,33,195,103,58.61027190314619,False
2025-08-05,Treats,6997.76,1321.39,576,83,18.883042573620862,33,159,98,60.344827585998814,False
2025-08-05,Wellness,22162.44,3903.83,524,83,17.614621855715455,28,132,106,66.16541353358585,False
2025-08-12,Accessories,24705.19,4351.48,575,93,17.61362693425885,15,197,97,63.43042071176883,False
2025-08-12,Grooming,23049.48,4393.25,511,81,19.06008291727106,9,171,78,64.72868217029175,False
2025-08-12,Toys,14961.75,2791.37,598,103,18.656707938575458,21,155,132,62.66233766213421,False
2025-08-12,Treats,6537.4,1170.9,527,82,17.91079022240984,17,185,79,60.498220640354106,False
2025-08-12,Wellness,21829.23,3784.24,546,82,17.33565499103645,25,148,107,62.14285714263521,False
2025-08-19,Accessories,29605.83,6006.68,643,96,20.288841758531333,22,190,116,57.62195121933652,True
2025-08-19,Grooming,28700.68,5569.11,616,83,19.404104711107212,7,212,104,60.68111455089572,True
2025-08-19,Toys,19508.83,3581.56,776,104,18.358661180602915,16,228,146,62.051282051122946,True
2025-08-19,Treats,6907.78,1227.77,574,84,17.773727594101466,11,189,101,57.1428571426673,True
2025-08-19,Wellness,22207.27,4437.95,546,81,19.98422138335689,22,140,127,60.553633217783556,True
2025-08-26,Accessories,24843.03,4820.49,570,94,19.403792532552615,24,180,104,61.36363636343714,True
2025-08-26,Grooming,22023.63,3755.63,492,82,17.0527292730573,8,158,106,61.02941176448151,True
2025-08-26,Toys,17799.26,3240.02,715,103,18.203116309328692,27,211,129,58.8555858309023,True
2025-08-26,Treats,6360.38,1153.27,539,82,18.132092736594647,11,170,115,63.17567567546225,True
2025-08-26,Wellness,19136.26,3105.91,482,79,16.230496450193705,15,151,91,64.59143968846462,True
2025-09-02,Accessories,14125.43,2873.75,286,85,20.34451340596213,18,100,77,66.15384615350692,False
2025-09-02,Grooming,12469.75,2693.02,257,73,21.596423344491942,8,84,69,62.11180124185024,False
2025-09-02,Toys,7056.14,1545.19,286,90,21.898516752782413,11,109,61,61.87845303833217,False
2025-09-02,Treats,2768.23,573.3,228,66,20.70998435822865,15,78,52,58.620689654768135,False
2025-09-02,Wellness,9849.8,2112.02,223,67,21.44226278705949,9,83,47,69.06474820094198,False
2025-09-09,Accessories,16879.21,3855.63,357,87,22.84247900227423,15,113,90,56.880733944693205,False
2025-09-09,Grooming,11979.92,2780.42,247,73,23.209003065127046,11,71,76,60.12658227810047,False
2025-09-09,Toys,7791.44,1624.48,290,93,20.849547708764895,16,98,71,61.08108108075092,False
2025-09-09,Treats,3126.87,647.37,266,72,20.703451054882134,10,86,77,63.5838150285342,False
2025-09-09,Wellness,8755.07,1844.87,216,66,21.072018841651627,13,67,58,65.94202898502941,False
2025-09-16,Accessories,12626.62,2944.43,249,80,23.319225572637542,16,77,72,58.18181818146557,False
2025-09-16,Grooming,7970.13,1985.96,161,64,24.917535849474863,6,46,52,54.80769230716531,False
2025-09-16,Toys,7460.67,1721.68,298,85,23.076747798787096,11,94,68,61.84971098230145,False
2025-09-16,Treats,2690.53,698.2,210,74,25.950277454618252,18,50,67,60.74074074029081,False
2025-09-16,Wellness,8297.55,1889.18,191,69,22.767925471973925,11,52,62,68.7999999994496,False
2025-09-23,Accessories,9249.01,2150.98,207,73,23.256326893362285,18,60,53,64.8854961827108,False
2025-09-23,Grooming,8888.66,2283.18,188,68,25.68643642573507,10,54,60,52.419354838286935,False
2025-09-23,Toys,7132.1,1697.86,254,87,23.805891672855985,14,67,70,60.92715231747731,False
2025-09-23,Treats,2328.79,573.28,185,72,24.617075820479897,25,43,51,55.46218487348351,False
2025-09-23,Wellness,8593.789999999999,1988.97,209,70,23.14427045575664,14,51,67,62.12121212074151,False
2025-09-30,Accessories,11057.9,2746.81,228,81,24.840249957042037,17,61,69,56.46258503362951,False
2025-09-30,Grooming,9236.91,2366.19,194,72,25.616683501297988,12,46,75,58.64661654091243,False
2025-09-30,Toys,6178.04,1492.94,229,84,24.16526924396343,12,69,67,56.75675675637327,False
2025-09-30,Treats,2491.36,551.92,200,66,22.153362019129247,30,54,43,57.48031496017732,False
2025-09-30,Wellness,8341.93,1957.81,191,64,23.46950885466271,17,48,56,58.67768594992828,False
2025-10-07,Accessories,11741.77,2750.6,249,83,23.42576970933484,26,52,79,64.33121019067305,True
2025-10-07,Grooming,11156.82,2584.9900000000002,225,66,23.169594920414315,18,39,74,66.41221373995106,True
2025-10-07,Toys,7168.16,1772.52,260,83,24.727684649892755,23,72,66,56.521739130083716,True
2025-10-07,Treats,2922.46,687.09,207,70,23.510672515612356,25,51,47,63.4146341458259,True
2025-10-07,Wellness,10117.67,2584.34,231,68,25.542837431935855,25,52,61,58.69565217348772,True
2025-10-14,Accessories,6469.97,1574.86,121,57,24.34107113324724,16,21,40,59.74025973948389,False
2025-10-14,Grooming,5036.56,1169.17,107,50,23.21366170560398,16,17,35,58.82352941089965,False
2025-10-14,Toys,3939.26,919.87,131,58,23.351340099403608,13,24,48,67.05882352862284,False
2025-10-14,Treats,1052.49,280.11,82,45,26.614029586954164,12,14,28,55.55555555452675,False
2025-10-14,Wellness,4072.4,973.9,102,40,23.914644926818603,6,19,33,70.68965517119501,False
